{"cameraMode":{"drawMode":0,"name":"Shaded","section":"Shading Mode"},"sceneLighting":true,"audioPlay":false,"sceneViewState":{"showFog":true,"showMaterialUpdate":false,"showSkybox":true,"showFlares":true,"showImageEffects":true,"showParticleSystems":true},"in2DMode":false,"pivot":{"x":1.22119140625,"y":5.14208984375,"z":23.25048828125},"rotation":{"x":0.25112152099609377,"y":-0.4844519793987274,"z":0.14747078716754914,"w":0.8249356746673584},"size":5.7298359870910648,"orthographic":true}